<?xml version="1.0" encoding="UTF-8"?>
<root>
  <item name="com.github.nukc.stateview.StateView android.view.View inflate(int, int) 1">
    <annotation name="android.support.annotation.IntDef">
      <val name="value" val="{com.github.nukc.stateview.StateView.EMPTY, com.github.nukc.stateview.StateView.RETRY, com.github.nukc.stateview.StateView.LOADING}" />
    </annotation>
  </item>
  <item name="com.github.nukc.stateview.StateView.OnInflateListener void onInflate(int, android.view.View) 0">
    <annotation name="android.support.annotation.IntDef">
      <val name="value" val="{com.github.nukc.stateview.StateView.EMPTY, com.github.nukc.stateview.StateView.RETRY, com.github.nukc.stateview.StateView.LOADING}" />
    </annotation>
  </item>
  <item name="com.github.nukc.stateview.StateView.ViewType">
    <annotation name="android.support.annotation.IntDef">
      <val name="value" val="{com.github.nukc.stateview.StateView.EMPTY, com.github.nukc.stateview.StateView.RETRY, com.github.nukc.stateview.StateView.LOADING}" />
    </annotation>
  </item>
</root>

